学生ID,综合GPA
1351e2a8ee9140935e5e,
6dfd920349b8a916ac22,
2180875a7b5c7dda9718,
ef1a837655081da642e6,
8890952ff9a4e20993c9,
ed1f9062e86a79c7a2af,
1cf7548cc40b0b79f64e,
031bd3bb008fb4f2c112,
fefcaf838ab0e8212dfd,
9168ab8d7845669a2127,
f101cb94b348c2205ad6,
b16b6ed24e53f9fea4dd,
e8ee570ea57f4b778139,
5bb54454cc5efad653b9,
9222399166e4c44b283d,
7e059d4e198ccf274add,
6bda9c2b8a031cfe4803,
2d9baf59b9c182420aef,
daea515547958f68fe05,
093ca7c821652c08240e,
38a0e9d389400ae2c264,
424f122d6bbaf7c74875,
12e5361247ada675ad0b,
f7526c4b0544a70f581e,
a4aa551a9c98177255e3,
e3d01867f48e5ecfd3d2,
fa7f80a5d945943e12d6,
304492d18a311aba8111,
426ad57c0a9a3222c1b5,
b666761dd6fc0c0be18d,
7bbb8eea0dd7d0de5a59,
adab9018092caf697aec,
ffc348c87d06e6408336,
69a2186136e1155f3c1c,
62f22a4e6b783dcebfcc,
276ba370b101f605b53a,
6f7347f6eed315786869,
93f11e5c0bf33b5248ff,
34f0c17b7a9f78536dbd,
5d78924134f8a62a8cb2,
6aa9b40b0892845670c3,
cc637c88352211aaecc9,
9bfe7b6e13443cc7346c,
7b66b76aac857824b75a,
311061291a8a0d341365,
44b53c165b6aa2ccd535,
304d8513b85b2c35210e,
8769068b2c46220454c4,
bc29208a3bfd2ea49d2c,
4ba3813bf8bd5d313590,
b20b5976497a1ffeebe6,
75ace52f4f0b7823d978,
dcaab860589bdf558a95,
d4b4d0d3f0b9f12ad853,
591be0bd000288c3d4b6,
9da36a4e77afa0c9f60f,
7b7f9fc08d73390cc657,
171a6bebfc01a134f2e0,
40dc29f67d3a0ea205e4,
5d3c194be290f2c96d77,
4fb57d342dff7129a443,
8dccb5cd67bdc8cc18cd,
1fd103e8be8beaf4b38e,
40b1a18c6ace2fef73a2,
78b5f15022b9debd33e4,
9bb5593589a9cf2ebb47,
61576e7b94178311e67d,
105afdef86e986ef71fc,
71e36ceb820c052c9e79,
6769267e12182afa549a,
7aea3090c4e2934cf740,
e745d03ea97e80b218d9,
180d0eb23bebb3beeeba,
235a38131ca4c3b83ba6,
7940328321deeef0cf0b,
eda94f427518b218ca92,
8993df6c2e410dbdb754,
598a18338c72fa41f2ce,
762a0e7f473488afd977,
366960eca914f11a9ca9,
6058363b49731b7b47d9,
3608b9cfbdb821ac0ae5,
4719ab8e0d1c1381f1e2,
3d5ec8b2cdf122ef075e,
ec26dbc067bbaf6b079e,
d0ea71633b479a1528d3,
e692478d4822fc13d931,
971e495b8a2ee5afcf6f,
dbe83b6fbc611a84cf78,
3e2855149848b6774a19,
e45f891a35ec8e66d989,
a56700354881812b5bdd,
1533afb2e9e8c7eb8695,
c7948f13ae58a2730aac,
1987012dd922c70ad4ea,
b064d21a1047602daa99,
0b6bcfd90c44170bf15e,
d7082bf936d2888127d5,
9fc2660d7fa7702a402b,
c9892c6a398228184ad2,
36a656a616bd218786fe,
77b0ad43dca15956c73e,
15dea2af09370689dba0,
fdba8a1cadd7d4ad8cee,
315c1a6f0c46fe4273cf,
13d1d97002aac017e86a,
de24917d671e95a1e9dc,
1aa79a09e52026162d81,
c1a9ab9f2fc95af22f11,
ebe7fc2af65b482c3089,
d707d60f59dc3b3de193,
dc229a85d700b2066dd0,
caafdc2679c2c1d5e039,
6278435d824ee73328e9,
ee37bbf05ae6ba5354a6,
bcbdf7054df36f10beb9,
8cb45f6ff0bad82debea,
ba18c4b2c87bdacbc21b,
e57ec6a60e7f1b03ad19,
be83251c1929f081651c,
fa035e495f1f264228f3,
1b8fecce8e3dcae0a726,
1a4f62530f7ce28493c5,
a3e0244d7ee96bd83a72,
174d9191bf59551e7bdd,
60efbd4537f2bb81156d,
cc0e9ff799108dff607e,
c8b888c1efb6cbaf6cf2,
993b38232a9efe7e537c,
cfcf83a4bd8e8ffc3352,
7eca82a2a35ba641f1a9,
1baceefd07e1e42dbf5c,
165c0d283fd88a23e4cd,
ec236ed18a239566e3af,
6d0a23970d36a81787a1,
233291772cc6702282b7,
44104ab93bf0e4794243,
be89da9c65dec5759141,
e8a82075a1d20e16a2d4,
2e34742c3fcc3e4d0abd,
e5be8f33b7793d1cce91,
1d9259cb2748fa4d9d40,
f3d83da198e1559b916c,
648b43e9f93ff2b3c45d,
0788335bad50c0d09f26,
6c1e01fc766e3ed6479e,
cdebe3a77558226036b1,
ddb6a84a4cb58ac6e9db,
272dab9028a1ef1b2af2,
1b8c0e08d66e1c2cc010,
07d4c193d72f5d600024,
83a0b0241400892b2769,
f95a50f29791321adcaa,
c6c4b0142324af7d98ec,
1a7291f3e32618405c80,
7da5042c4a30c99d69ba,
81602a9ce7ef395a9abd,
b4c16c4421abcfbd1e9a,
487b05b788e8bdf04254,
9d2e09326d3f5997dd5c,
83c8ce6c5a021ed4609c,
b080c79fae75f4bf9955,
eafa729e12752eb69237,
cefb6687a634158f6b28,
79f938852a6a1811d8ea,
2e4e02158c044e157fcc,
903fc6d6ada3f45a92e8,
5458937d7413a54ffe92,
e37cdcc74b28c66bc16d,
7777fd782a9c95c79180,
e43af9481d6393401c47,
5609ad8cda829dc490d9,
c052561b89e4bfc26e27,
83d57c8614e71301db72,
ce460dfd8ceadfc44f74,
9ed82b9d66fdd43e6d29,
5abad4114e4ebd22b0d2,
2cc8f49e78ba0c18f30e,
cafe096c55b17fe6c2e9,
c37788c1f7c58bc27ece,
ff94103dac5fa9ecd598,
dee06e834b29bafcb6d5,
0a4f6df146781522d08f,
7099c17dbdf5fb8dab3b,
42959b2157ce578fd46f,
ec97cf332f1a1e23e8af,
61615d0f5f745d43a528,
5dd10c8ed7eb1f0e2d38,
8849b54225417720f3eb,
a0ef5c59dc2e04a8227f,
9cbb8f8b9b85b4ea12cc,
b7dda1219d73bb6052ab,
5667c0be63e1bccfabcb,
0c049c825be79fbe455f,
46a3baab0bcb5614f371,
27067bf485dc55fffb9f,
4eab811eae008da7e033,
6a00afaa904f440e40f1,
1fdfeac7960cb20a1be8,
b400c00cc2ec66605733,
4fb6a61d2a2763cf63ea,
ad260c19524b3ff27bff,
9204bf1ce25122be996b,
5a5ce86b24bfeee71941,
7434208c8c1dfd130338,
8ade6f601a9ff85b018e,
ed8a7ac6f3a5cc948503,
921ccf49fb22f524f1ba,
a3fb51c7a4cde511bb07,
224d8ad3706004371745,
381368270ce95cfe7137,
57e5ba403b1fa28a0f32,
4fa41199d9d7d06541f3,
a431552bab12698c060b,
6ea836e113481a6d31b4,
177e7cc61a51c3423557,
38c5f23ba5ab9af61ef0,
c0ce617a369d73cd8287,
363fdc4adf8c017134c3,
f5a99c3a428e4c8b8a2c,
9ee0c53bbf4725b7db16,
a920f1afa7eb4137afd4,
a664e29517516a3c4f09,
ddd4817d64e4f293ab63,
a04dbefdee9ac7a1474e,
39e121625eb22e9ba94f,
0f75a0a58d362b6149b5,
9b67634199dc5d079bcc,
bd8be77712babdf32d47,
49942f704cab223ad744,
f37b987c09fc29c371d7,
96f75c38590c7a634cd9,
14abdf42c752f895855a,
38778da38725c24e9847,
45ab8dec3b44b6a76c18,
a514d77d0fb6cd72628b,
a894b013997dfa7e4b3d,
aa44ed5ec019ec5cc6cc,
9e6ab71ff13cc711b6df,
88ea1cfbfbfe7341d6a9,
36196544e7e856e4f03e,
eff414ce4de5a363c26e,
da1e7a1c326ebb11f042,
1d7b89d433bb18d82a60,
8fec54ea2a73f93c913c,
ad790932568430fab70f,
f42d1caeed8abcbd79c9,
bdb11c6c1308f6818ea1,
78c52f9dcf16d7ef0310,
f89c0ea6409d7c84af57,
eef070082f73d708403b,
8f1f8ffcd824d2406fe5,
4c5ffed52f4b80c2ff6b,
9be047edc7b15263595e,
c32d20cbc794d1557be1,
77e2a12fad3580d54c29,
46b37dda4230238ea4be,
9afffb2c06290031fbff,
6469f30a0e88f18dce5a,
b7c0edebd1477a321388,
30a47a2c33bed8d07e8f,
4120df246b4260a8664c,
8d84094153c2bd440420,
efee69d692718b4aac3b,
4b3c0b97b41e9ca6564e,
3c671cad5cdcedf4e17a,
69a5e8d2d5d334efc966,
eedd7249ec50894fd6a2,
17e1fe44e1e434acb53a,
eb89c6c26f3fb8475a5a,
df653ebd6b8742c6d76e,
c54c17d1037b611818a1,
c19e3c472048c98713dd,
e8e1866a8631bd3df2b3,
018e7fc065f7a259447e,
f4c248938ecc564a6771,
6eca7ace99961972e701,
cfe0a4015846c981c0fd,
54b6ae733b959e446880,
a6587d41eb91ef44699d,
5d7dfd30d947e9bf0a34,
25aa8f34d21bf22eb1da,
dd5bcb9d623d160daf0c,
bfe481414d45fd350119,
ee47a4354776d45a6363,
b3e77ebec7658ba050b3,
c85db3a03073ebf7a0fb,
fa79e24a5712fe3d63e1,
6a9d2e6a225d33ee5d69,
1f18f00013d278d5dd77,
dd43f702747d83a73933,
f01943e997c81974c55c,
a4708466bb888bea4658,
990bc71f39c4eda9c842,
56c8361d710003ea5f31,
0def1b62b9b182f57657,
9e12b7989962db711a17,
e965445fec77a1d27e09,
7da8bf3ae1956466304a,
3572437d2d07d19a93ea,
24322820eacbbf98b168,
5799f5bdf72ef887cfce,
00ac947481ed48b8a995,
214fe9703a8173978c54,
0534f62633cbac0203e9,
dec9951029aa7375bc4a,
d32c087d2e558852bccb,
27ead5e3639ef67906d5,
eaece3e617d5fc3a149c,
4cf94c5ef2dfb234b603,
d4f7cf5df427a2b4ca46,
de0be9bcc3a0f4208e5b,
fe81af6db0c073e6a614,
819fdf90d3263634feef,
c2a9e3594dac80ab8d23,
79e8d43441fbf4dfa4ee,
116b85e78f159318d5c8,
b84a04f2b4641b5d5186,
4cbad46db7a5ac6c0d6a,
54dfa54530da9ed5dcaf,
365dd7700b146889fd5c,
8cf127b1d5872ae68ebf,
2654c1e71ef965a9e6bf,
3e68ec5db47319caec20,
7fddbfed1f9611218ca0,
39b682082c037ebf0f3c,
06dc77fa497029d79167,
7a17ea085bfd13fd8fdf,
da2504e2b91fb12bd273,
883472baf3281e524be4,
f408cdaaab80e32c2ea7,
f6fde30e8584eb831f9d,
76e99a9f853a598af4c2,
b3dc53cb21bbe29941b5,
7a27872dfeb1e04e3b16,
f898009d37d4bedc8fa0,
ceb8293684d72956352a,
f5b512de624689005f63,
586b2dce9eb414a2c798,
5eed49f8da5d8c7f3156,
5553c803807302ee9c54,
c182cfa14e7ef9cc0cf9,
670a1d71403643a36a27,
853c21d29aef590fb60e,
fb5c136df18019dedade,
4c4eab2257c86529334f,
f58cc97c3c28bbfc5e3d,
71b640d27e235529dd7b,
a3c736f2c9e29ac0c17f,
a4f07d6c51b056bd03b4,
6808f9483c81c635ec89,
84ec1c5a73d989c41058,
9b80972a953accde6037,
b090556b871d559f2c71,
5c6822efea850f8b35eb,
cb659d393592da8a44cf,
c674234997de41661780,
f7b108ce9453de58aece,
bea2315b5f8a09c2e5f3,
09d5f083377c94d891d9,
43b7324d4e638fdf8ace,
1382fb5159732f679427,
af43cbd46c7540b52923,
406ecf6de9d300aff061,
074bdad509fd37fb2e8f,
1543c4afd5349c82c84c,
759cb820e4dfc0cfc5ff,
47517c99b979bf50dc5c,
968e5cf2339bbeb797a3,
f12fa2b5541b6ed38025,
2add5ba9822982049ccb,
f7062710024d1a3763e2,
a1a0a69ce31335e27ca5,
ffbe29138c49c71f6b4c,
15ae5d869e369fdf461f,
428a8828967370d55f57,
c3584a61453acf6ef02b,
9800c3836698cbe49be2,
c077bc44687aee937b06,
6b3341bd593a45c087da,
a722302597ec29666326,
172d7f82546805986fe8,
6b583822912aaf2879f6,
b7c207ebc3847ba5875f,
c26fc7dd8f72424216f6,
2b43531d65c70036e0bf,
71f2b702d98659ab20c5,
c26a933d6f80ce6f72f9,
399718be25cca7844000,
48ae946346d3365d7626,
af4054b2ec94f7f8aa17,
0f926c1c11224ba85d4a,
0b751654ac4933c2b651,
cf66e83703bbd3b3ad38,
3eccd85c4e6cdf67699f,
6d88ae86d3b47113b28d,
8168f0fca35a0038eb13,
c0b6785a2eb25f3b8e0c,
b53c41f88f9c602e5182,
bb2c947c89466df6ff6e,
d9a8239daf055971ec0d,
0543d06645d0d8c3e666,
fc233f48ce1783ebcd62,
3d8b3f45b24cd17bed3f,
244d17a2b53b35f1c186,
3a76356dfdb570ca20bf,
2dfd6dfb0232f3135982,
b4b6e4d183c231eb35df,
a747e788d25aa6dbd25b,
c8e784b429d77a5e3b4a,
421194155c37833b70ff,
b25763dab2ae54fbdfe1,
c15b772056e8ac10e0f1,
28ef68e48097ef179f1f,
908cae1889be2bf13964,
7430ec33919641b737fc,
731f32064929f8a75550,
d6fd9de976e9d6487131,
071ec77189ac4bf36dc5,
6f1ee39d20373f24caa6,
c75ef0e498b4ba39673f,
4d63992b976580c0a225,
7f2cdf1d38aa59b5bd55,
8c59f098a367e98eee4e,
34c29197a00ff047eef1,
fb4de00a3917721e4de7,
2718e1267ff24288dc61,
c066b0ba25c6318b69f2,
b86c65630f04b810e24c,
5ba8787aa6c0d1eae1cb,
26209b77ea930837b412,
a4a66d8eb14ac9412a96,
097fb706c75960a6e8b7,
0edbd711a18b2ab59709,
b507205c9b9d39b787f4,
58f0cd1a053221061397,
8bc39979c417dbf4c397,
fa82cc95f0023a0549de,
078803c1afa96d35ab5e,
81ea1ca3ef0c6654aaf8,
36e26d9018b0a7dd765e,
e1c62276a815b5ae9d1d,
89dfe72f3b14bbfce98a,
ae30d5889233c9f08883,
da8d77e56f331bbb0eac,
b6c830c479829cb93323,
afe6bc1332bfe7302f76,
1ce7bff4431585869be7,
a9969c5c4e64d76a1832,
4124d00ec71e7185cd73,
04ee36632022b23f5f31,
fe89d41b7c2be4d7ec13,
caf5970caf9e01f1aafe,
8c77be9ddee8741a9151,
066782c652df7659e4d7,
9d5d299a25872573a815,
c8902cdf1b5b6bf7e08c,
3dd1933d7c4a62bb1f66,
3a70ded801a9a0cf71a1,
3fb782f0da593a862429,
e3af2e5adf632be2ace4,
9cc3ac9060122126bfc0,
2837810c5ddd881caa9d,
dc2c9d51a7924a984d6a,
fcd5b64cf94d45fbd234,
b6bb102779f51b0e4636,
46861671b7286b0de76a,
d506ffb81e0f65854f59,
34b50368da64528ac684,
4ff296b9d480dd38548d,
9ed9195a91449bf6c414,
3d56e09914b236c7e29e,
aae729687e21ea436c19,
bf8a05bc442c846ee5ee,
1c88149cce4b521970c1,
048126563fe1c6ad9f74,
4873b16cdd7ec4894770,
934f29bafcfc130067b8,
80b3380f44548550371a,
34e5972ff95d2d90ce95,
e840ca6140ef9595396e,
1dfbc9ada95695804fa2,
ef10756d4cadb0b8c242,
48ae40d80d346d81b02c,
42d57a1f9b7d1ad8323e,
e5affb731bd4cc351ff0,
37e0f8d47d1ff130ee55,
3facbba5c0936ed3e83a,
b0646bf24e5ef367c0ea,
e68317b0cf67403ea0c5,
9412cc8c694ba6051a3e,
136571a7be1e53b0e390,
e775872c09fd03f3bcad,
03b9ca7cc4581d66cebb,
c6d7b9a998a1df5339e3,
3242f4e47dfdc6063067,
19a0f0aabf66f9e35301,
1bc40006bfd343fb12b6,
922e4449e5ba8531cf7f,
76547bf7433b31268806,
20bf24eacf3ba06ffc5e,
ea54ae61396b612ac662,
4dbf8fbede4397579dad,
fa0d41677d1a3ab73cb6,
b6c6e6aaed362e287445,
8d3fc97aff548e0e4f30,
c86747bc77b270a67976,
29f59c6b9ac42891780e,
70624c86842bcd0ed5cd,
3f731ff8b061b806a3b9,
338a8a294444b98e94f7,
2b113f98df5f32d086e7,
f1bfaf6bb5efae7d942f,
268d0bc27da18347a828,
a74fe5bd54e87e7b93ad,
7c62ed642c9c7af26c88,
96dc7191192c5d401f1a,
bacfb87c79b77cf42543,
37d969d2692954869b84,
442c981c9908c06fae64,
bbb2decd8feba1de7cf7,
2eb78bacf2a5083f1664,
27072cc018367edb3b85,
f996c29b46ce6a7005c6,
c908d75bc5c5e1bfe645,
26bed1258fa4999cc50f,
8bca232770fabbc1838a,
79dcd63ce661e9d92cf3,
0e839b5091620a576e6a,
b03508484a7e0890a2a3,
7c91faabc7bb919d3255,
99ea4253e4b5496b2ead,
f84575bd2aab1250c750,
636e6a34d18a22cd0f1a,
b813d93fe8aebd8d6348,
2e6dcb47953d4ef70848,
c8d5a5ca1365fc7f55b8,
3c01e782061519eb72bd,
b6108a0fa9284838de30,
9a93bd84aa1790ebef02,
b65553d718ebc0aedf66,
e2c72d1f4372e8ed3c52,
9288bb9480823f0e7efd,
e4a33616d91305d2fd9b,
3b4ccc72770c53d364f4,
614941e4687926657cfb,
4e3e876f053f716162c9,
6203373ee798fd560286,
a6986423728fcb1b0a58,
ec08d044206fbc48475a,
91ab6259e53a2841ab16,
bf44acdc0ab0a25bebe6,
cd3f440f8c3682006d4e,
7e2e4684b951e4d155cf,
71cf871d0f05616220b3,
0444f1e3c536473a4809,
8e412e6c1fde20a12523,
6420e1acc3b008d961e6,
a34a66ff3785d023f784,
5513ecb960d9f440345c,
bb8424c2efa88c9295f4,
740dfee9107b3996d242,
7b95c86f71bd82a2b679,
78984cf08bb7fa5a3960,
5b6d04cc2656813d2c16,
e685c0fcdb1eb73fd0dd,
63bf3ed035fa5f731ce4,
bfbe9a55ee5f44bbd8c3,
8f25b1f71935770b1aeb,
b9b106d08d7b9f760b5f,
feacbb25e458d0973148,
c9aff408ee3dbd30d870,
33375cc6f1f29775ea91,
58c61d8be43124a8bd62,
562a7a91d51d91c8387a,
0017bda68ec72f8b1ef9,
671f5e0d671c8a375516,
afbad3be528dd3744427,
6af6d3a6a9651af0a855,
482b81c7e5b8ec9ec73b,
76c6221ad795ba1fbce7,
49869c835bef93690de6,
b734890408bef6460f29,
413fac725a59623d3690,
836c1357cd114a3340ff,
f198a052ae5048b89ebc,
5f714cd8a23d28e09f57,
23b82fd5eff67326cba3,
1d36e33a8086d148ab9e,
12a54ad4c53b02f17149,
b461df02c6c36c2f28a1,
c027bd487b128014081d,
8fe519b6eef341f08ba4,
00ceac1201da26519ae9,
0ae7f2e53d8a6bbfb6c5,
8c718933536387e11757,
853c55d3d60f0a33cef7,
946c3574b2380aa76402,
4c11f9fba42ce0778393,
bc5a69b9115af433bfa1,
b9c2d838fa55a6232225,
b6165fee696e0ea56e55,
ad1f2ca0d0b88b1abfb7,
284fbb67f53f49d0eede,
27a32909d967ccb03d4d,
d7c767d077a55b74e8f1,
a75e73f5b77cbd2c098c,
a09deb2d8a79a011baba,
0ef88bdeba62aec7634a,
bfdaec49203e7281babc,
31c3ea8e6b07ad8afeb2,
e44e5ebe15efc2f275b5,
f4fe0dbf667ad4645268,
caba40f114a2f82371df,
c62c97f062a72a6b7a4c,
590b5279ea68df524842,
710f5d5b2438ee092a15,
10dfd78280e29cbe100e,
1ee21fdf1ad49f59c472,
d48a8c32ec4cf67b9de2,
21405945d1397eec3316,
244bd1308aa654f0e328,
45c627ad513919f793f8,
27882b30d77f45e8a817,
1ed877127ce8e744fcb0,
80720542c363fc77c202,
e1cfff8b447022807a0c,
8e8d31be33323d927672,
7668dffd1f4d5db4bb1c,
c7157c94c2b908233234,
7a4b34bf49d265d2b978,
deed05ae239e7a806d8b,
78cfa3e0de92b94b11b5,
38ade92c5621e9d17492,
876d3513652610aaa36e,
23fa3f79b7fd8eb4dfe0,
9e52f4d40b9b2eb4bad6,
38b4e131d64324bb41bb,
87a25944566ede391465,
a7a68db96ff0f48f55c1,
523c5dc11f8b277634e7,
dd75dcb42cca85fcf3e6,
93e61c5227df66ac71b5,
47257b6ef34aee4154cb,
8c8fd507679a4b4599e1,
5e5902c38975ab65a69c,
fddcd0f299529a74b717,
42f5a2cb74fa7a682437,
9cdf0ec90473308249f0,
97ff42301157efa032fa,
9353ed2036779f15cc75,
4e9da65eb160dcaae53b,
81678131b81300b6e9f8,
57b35932b4bf10c70820,
4835c30e388fae5a3490,
04e16367347bcbcad4e4,
08e1078ec8e88e3ccea1,
c556dcb16a6b9b00f7c5,
3fa2dd55d05d1690a49b,
ab6c1d56e37b7ac2abff,
d813e1e48294c18a39c9,
b3ebf2ad565861ea51cc,
08ce8229afd0d02f8700,
c94dab83d71c58e70d17,
3206a13a491da10b4d55,
a4089c0599f1379fad15,
bea8fbcaba48184c38a6,
c7567b2627259c14ff09,
3c6e22881151508d0450,
7cb73ed9c5aa743828cf,
48d428cb550bd064dbd0,
50c5e46f3dfc6841581f,
9a7ecef292a3dcf60e36,
ad9e27199ca0603d7a1d,
14f784716ee531fb5198,
2b27d9e5617c25bf472a,
9212c0e9c0b0e42fbec5,
3f95fb40f978ce807f3c,
5143c17d90606c5d88c3,
bfa3911dad420deb5d58,
74ca5555a3d8c848e713,
7dfe4c4880adecc8c519,
7b6d1e4bfc294c758bd8,
779e63872d88be04c2ae,
1327d0992f4eae78bc22,
3ea49dc464cf986c240c,
c9a54cd89ec494ec5263,
e0d3b05f65ed9720553b,
578d4875122d9350bec9,
3fa837802488d18f1f7b,
b6d42fbd8e0957832b17,
c2021ec9b1d821f106ea,
a2c8533ebab0240ac78f,
e4241689000ec8bb73c8,
f02281f425b342a45518,
b7ca8158612b393183b5,
5fd60162b0ba5f23138f,
b6b674c068d162d37553,
885a078a12b6150a33f9,
525a6347fe7f533e4522,
fd0fda0711f84bae0072,
e3158f54a6b8d7e8940c,
01abf9770029ba4b431e,
36c47de7f242cae06877,
472918f79303e4cf9e45,
e01fe3e7a37322d94dff,
e73fa6b6f23d8a6519d2,
0fbf813dda1df7f12e4c,
2aea02e55efa7464b53c,
c1ef1265f73d2569e961,
8c58bde564d898502e97,
e8b6915c5d66a9dc166f,
7170a1d1f4a9e692e220,
67a4ad49e1118eb9dcbf,
f4ef63ec5d7630bd3d5e,
a265a33ca38ff4190fa2,
e494287654de28dc8785,
5f45bb444d73d63d6f9f,
22da73a201a8a43d6515,
cc2ae4442abfd99f5fa2,
f8c8aac26f61de6ba40a,
6ce154838db95b007da1,
a8cf2647c0ee83dd2d5c,
4d1c910e3d6e15a0ccaa,
d2e39ca47609a1877574,
c52648dac8d3945cee37,
9c4226674a9361ebb008,
09e4912aba7d343907cd,
91b7a6d1961bc59abd4a,
18ab5a1cd4e96f902fb4,
b01ec991e98acd732b3e,
3a10cd084b054bb7bbfa,
ea1b9c640da784e600d0,
1d43a2548ad477262531,
c018e272025a518aaa6c,
1ae09a72e49880f860e4,
78bbf799d8ca3250f25e,
2dd92678fe82da660f9d,
d1fd9a0e51b021bbe630,
7515f5b4e156f9ae29b6,
ecc69a3880242c6e3dc3,
53676de96fa00fff59fc,
cfd92011b33eda1e4984,
8a44900a1b2a7a6e75e8,
954f0c6f7653ab899ff2,
ecf500c54dca0abbbc1a,
0a480fdaf0bc21b98cfe,
8008171abae79d9dc916,
8f7324d096249b3aef68,
6d1bf862bebbc95d2e09,
52fe94cd20952f76cf01,
53a0a80338d7b8f4cfb3,
ca065db021401a796593,
6d0326fcabf954061d0c,
717f554d8cc710cb7133,
60123356a227537acdee,
55b550b8c500a0931f42,
921f3daed56290692e8a,
3b6800bb4a018aecd139,
85ee332708472f3cccbe,
5c1dced09266c8b1eee0,
8b2cee30a82ce8f6053e,
8a04a9c080d20ef7cf63,
060cba9a802efcba5430,
985d430149688b33f5a4,
c12f6a839738e55fdc0b,
2f09e35749430d5cc6b8,
4ab363e925336d6198c1,
093b2da4556f1190c1f4,
76aa460e8d99588bea2d,
7f676e9078bdf32f1f12,
0d31474a2269f817bb21,
e73fa30d75e6e033002d,
fe8fcc686ce847b964d2,
3357a83abcb2192a7317,
960d082d1004bb3cbd2f,
259100d163559ad1c956,
b31960bf94f3212bbe35,
d8d52323f4923930e9f2,
2ba3944727c83e434e2c,
9c17e2f330d237af8bb1,
babe64fe895f42309991,
f99729a8f6ce1e246f47,
5264c3d86da84385852f,
0c935d45b48342327e10,
c7d5208fd97b1919a1b5,
898e12c341494e92d9c5,
84348c784b2b5fede15e,
f6cd9f742abcc9719363,
1fad179c28eba8e4e082,
9370691d3dcdb813fef6,
152ce7dbce41d8654a6d,
19a28331461bfa0ba163,
648948a4b6dab8f6a983,
9486b5c1b4b7a2e64a42,
0c0c89f232f50715aa9c,
71a9ffca29771a07b773,
3421dfbd7ec8fbeb197a,
eddeb00c863c211cad3d,
e3182d28dec0c1d009c0,
e67c47085a15a6c063ee,
a11c05595c1ce2b549d7,
ee989bffe64105db76a1,
09f73a39d4a0bf9ece0a,
0abcb8360b5f7657cc2e,
2d449709d8eed184e692,
384f4ee7d555197739ea,
9258089c4154f118ad95,
8dc9aced11a73d68a84c,
9ef7d1a8e18ca6e43c9e,
2f1c97540bb53e469966,
aff4635a7170c5e528df,
6935e2f7599d3278ae45,
ee91c2558239ce87e838,
373ac1b850d8fa561fd2,
f591a1be8e1ea1a27406,
dbe009c52c905ad0bf32,
a4eeb77d342051b60c36,
a3566f8b5924ca7f1a73,
47dfa334531cb590a740,
8067a1a6e9bf5e7d02eb,
9f4db024f9219e32c682,
0ec0e9d15055f50ad407,
7c746dd9493c50752bf0,
5b3c993dcc30495ec7cb,
5a40743649733bacf359,
f1aca312ba5408c07011,
f792be87647a817da3f4,
e64c595732b5858a6549,
17b549a0588fee0bae68,
41b5d12926a83cc72f5e,
7d66f03e3471ec327d49,
c0b090ab9a72ff7f1693,
fb7d1f5908db987f139d,
45c78eb3794041cc9dc6,
ff811042a735737ad3f9,
c26fd39c60ff3b56eee2,
9ee841b5f52395831fb0,
ea5a762ad95a4fe0eb6d,
dbe8f866f0db3631e2af,
546f655e7f252c154118,
6745716f0400b7db4a11,
7ad8349bdaa01fab29fe,
cb02343d0d6fd2dada16,
892db71cf4442a78a83c,
0ebdd2a1ab896ce7705d,
01b4e731e10fd4e82659,
81e83c9744dff69fda9a,
ab5cf6d94f56ea7a500d,
9edc5c32b8480615390f,
4bc25815921e1722eac4,
27a0df53ee355022112c,
be7945e5a212bf36aa6b,
14f2cd48636d146d7ab4,
2cd13b3913398886504c,
693dd2c5c469c898b4a2,
eed0ad608d243d87c5c3,
aa0363bcf69081c81418,
a37d8d3c1a7afb0aa0b2,
4332e1a7ac26a2ccd8e7,
1e533582ac3e637b9fdf,
2271f3740250e0767117,
b360fd649067aac80e79,
406745b1f3cf2ab309a2,
105f6fc6f7b6c4d24c5b,
a2edd9a28b82a6c854f0,
a50cf9ada6bac3d61129,
57d825d33ae028ed96a0,
a5e05f58d68aa800571c,
0f18c0309d31160a0e9b,
3391d791d313ef1a18b8,
39db1f8353673f38d730,
2987f2df854cd5c1c480,
922dca24495afe0cfca9,
9d5e2599c4b1a9c3f355,
f441c81859924a87e910,
d846d93742c7a49edaf5,
7ca9b1df45a5c43ec791,
0d24581a0cef08effa97,
facc56bacfc6fac569aa,
28a81c053ac64c6e1d7a,
07fe36666ab441f3f35a,
bd4b991ee75155a801bd,
1953c3a51339e37c336b,
233594d3f9d1d5667d87,
ca34a8345cc1cfc06804,
8c65e9d06aa425a75057,
5cd3a77557d4b8426b10,
c4cc69bb511ac6e72d56,
e454b489a63b6b2b5d43,
09d2f42d5bb05f0be65e,
95c50ab274a2a268956d,
62c9f4617262c8b19d9e,
dfe15e77c7b90beb39f3,
b5e1208658e9720655b3,
426152a6e08019c71b6b,
9995ad07684f9b1fe481,
7b478c1a3d98470e30da,
3b067bd66846d7bda046,
5ae317c80877620efa16,
58ad6831a655f748ee71,
ceb7a1a5d9f24adde73c,
d2afdf404ccb40a71eb7,
0288113368f2d0dbb6d0,
8f9c2b11454eed1ca4d9,
d5323eee95ad98979dc9,
dd766eaedc22f7866b4c,
270cb7d7ff18fc80823c,
457ecab160ed4546b760,
e617c5324a7deed93390,
32a085a06d852fc93fb3,
b1a2e5861bb39908d447,
6147b9f8ea6b4aff08b5,
5ede31a12a20e8ee35f3,
f01352a40f5e41763c21,
1aaf219a92703fe63ccf,
fb35650da043b6d689d6,
6bee4caca8ad43102036,
f4537f164a84ea2dcdc1,
ea2fd928f19302ebe99b,
ad1b8a6b6d4ff8b110a4,
6b29c631ae51d2f70891,
f2baac6a3930c2e82007,
11cf3e828f6b05a4e43c,
75628713f47e4cd17b46,
c1acbbcd6b3e1e63465d,
3a62a94ab6c5f1a9af46,
c153b88ad0f8155da314,
ffc5099145f4254fd58d,
0ef370717601cbc2b32a,
4f051dd93bfa492134b0,
ef309c78986e2e71510b,
b852fe5797d0d4d2dc7c,
6d8d0d51394838cae222,
7fccb8b04181f60a5991,
522c7ea8c3e628025544,
82db1b85e4e9bfb16153,
11c1f350c036952966b7,
8a49dd9a61093babfe2f,
5b1539e4abb9fbd25946,
5641598f264fe6535029,
d6a01d493f7173e8ed7f,
bbb950e6e6e1a02ee9d8,
5858a4a018e3a16c270f,
8ba652e61668991bf7f6,
9340188516d17ae430af,
ad6e271a24adaea2c0b3,
dd9c13ee16379261ba7e,
994d27bfcd1754d08245,
3efe6a275e3113d493d1,
d1d64a82e383344e789a,
52b60a9da8c7f5745f95,
517e465093d837cb85bb,
803055e9a94b1c8d8b9a,
1c55dd1600e29c37e4da,
24294c92bc07e1c2931b,
ffa87d40ff0c05661542,
5c0be076d002c01a9f1a,
f76f2d0c90df45ea38dd,
c1e76993cc0bc4159d44,
afb99e72f9593b7d5605,
c32c2a7787b5965dff89,
4567a9d81e66da6d460e,
a6da805800559fa67f7d,
f88530cfc3cb06e69242,
762f226ea5f25ccc0cc5,
511b45363bcf29c5abd5,
2f601e4cd10aee3abc75,
fb3b09c62d4c6ce8cfeb,
c049cbb13174f5d04e99,
e303d851c95de480f29f,
a80c2f6ffe4af5964451,
7b35562fe839b9f2b0bb,
b99648e784ed1ce30089,
d9ea77de0f9ada67b62e,
71acf5fe5f721262f89c,
685f127e318ffe70a3d5,
3714615bf6dc79400310,
e37370a4a5b13e20b354,
52affdc69272055e5bbb,
7123f2b97848f6f25842,
44a34aedebfdb3e4d6b3,
9de9853366a5f1260b32,
4a33f2e26fa3319435be,
e551fcbb1a2d8fa70429,
c3c8d72febe628a112a2,
ebccd6a3bbd6e999d9a3,
2207c29398e4276c655a,
a95c9ce3a0daa01252a1,
4af07e9beb5b343fe532,
46a7db5bb540f84fe6e3,
36e77f5763c454c696f9,
2ae6110b5e8bb0a6d3e4,
b6e73026a2834297aa57,
01c57f75f8c4037992f7,
585e016e7903d3e0fd2c,
cc5fe17ff4fbddbd870a,
33131830cbb90d0d3cc6,
79f24865538864da6f75,
5461b60d68ba7b1d5a43,
